<SQLInjectionResults><Injection>[19:17:02] [WARNING] heuristic (basic) test shows that URI parameter '#1*' might not be injectable</Injection><Injection>[19:17:02] [INFO] testing for SQL injection on URI parameter '#1*'</Injection><Injection>[19:17:31] [WARNING] URI parameter '#1*' does not seem to be injectable</Injection><Injection>[19:17:31] [WARNING] heuristic (basic) test shows that parameter 'User-Agent' might not be injectable</Injection><Injection>[19:17:31] [INFO] testing for SQL injection on parameter 'User-Agent'</Injection><Injection>[19:18:55] [WARNING] parameter 'User-Agent' does not seem to be injectable</Injection><Injection>[19:18:55] [WARNING] heuristic (basic) test shows that parameter 'Referer' might not be injectable</Injection><Injection>[19:18:55] [INFO] testing for SQL injection on parameter 'Referer'</Injection><Injection>[19:20:18] [WARNING] parameter 'Referer' does not seem to be injectable</Injection><Injection>[19:20:18] [WARNING] heuristic (basic) test shows that parameter 'Host' might not be injectable</Injection><Injection>[19:20:18] [INFO] testing for SQL injection on parameter 'Host'</Injection><Injection>[19:21:45] [WARNING] parameter 'Host' does not seem to be injectable</Injection><Injection>[19:21:45] [CRITICAL] all tested parameters do not appear to be injectable</Injection></SQLInjectionResults>