<CSRFResults><CSRFVulnerability>1m 91m[-]0m Heuristics reveal endpoint might be 1;97;43m VULNERABLE 0m to Origin Based CSRFs...</CSRFVulnerability><CSRFVulnerability>1m 91m[-]0m Heuristics reveal endpoint might be 1;97;43m VULNERABLE 0m to Origin Based CSRFs...</CSRFVulnerability><CSRFVulnerability>1m 91m[-]0m Heuristic(s) reveal endpoint might be 1;97;43m VULNERABLE 0m to CSRFs...</CSRFVulnerability><CSRFVulnerability>1;93m [+] Endpoint might be 1;97;43m NOT VULNERABLE 0m1;93m to CSRF attacks!</CSRFVulnerability><CSRFVulnerability>1;91m [-] Endpoint seems 1;97;41m VULNERABLE 0m1;91m to 1;97;41m POST-Based Request Forgery 0m</CSRFVulnerability><CSRFVulnerability>1;91m |   POST-Based Forgery Check   |</CSRFVulnerability><CSRFVulnerability>1;93m [!] Vulnerability Type: 1;97;41m POST-Based Request Forgery 0m</CSRFVulnerability></CSRFResults>